BEGIN TRANSACTION;

ALTER TABLE "banners" DROP CONSTRAINT banners_fk_colecao_categoria;

INSERT INTO "banners" ("id","nome","img","tipo","ativo","fk_colecao_categoria") 
VALUES (1,'Camisas A Partir De R$89. Ganhe até 25% em 4 ou mais peças','https://gwzxxwhojvystffrqsty.supabase.co/storage/v1/object/public/imagens-banners/home/1/ab25ff4f-f5b5-4593-8483-cfe9474559d5___cebe96ffcd3e65220a7c2572772b71e7.webp','home',1,2),
 (2,'Bermudas A Partir De R$279','https://gwzxxwhojvystffrqsty.supabase.co/storage/v1/object/public/imagens-banners/home/2/1f0f9f3a-f329-41ce-ba65-0b211a010732___223bbad1bc87c5fc64877b050c4d593b.webp','home',1,3),
 (3,'Polos A Partir de R$239','https://gwzxxwhojvystffrqsty.supabase.co/storage/v1/object/public/imagens-banners/home/3/8ff12461-3dc7-42b4-b6d9-c2ad01ab8f53___3072a9d3ca6399902aafe676724eb720.webp','home',1,4),
 (4,'Calças A Partir de R$349','https://gwzxxwhojvystffrqsty.supabase.co/storage/v1/object/public/imagens-banners/home/3/8ff12461-3dc7-42b4-b6d9-c2ad01ab8f53___3072a9d3ca6399902aafe676724eb720.webp','home',1,7),
 (5,'Camisas A Partir de R$342','https://gwzxxwhojvystffrqsty.supabase.co/storage/v1/object/public/imagens-banners/home/5/dc40c045-cc4a-4115-b2a2-339becf576ae___bab087007a314d5d74665351a41ddc57.webp','home',1,2),
 (6,'Calçados Até 20% OFF no seu novo pisante','https://gwzxxwhojvystffrqsty.supabase.co/storage/v1/object/public/imagens-banners/home/6/938ee31c-fecd-4acf-831d-3e91ac0c7650___58959e4ab33e124bd5f0647fd696ed76.webp','home',1,5),
 (7,'Infantil Até 30% OFF Pra Renovar O Closet','https://gwzxxwhojvystffrqsty.supabase.co/storage/v1/object/public/imagens-banners/home/7/e4fa3626-ad30-4c18-93ff-cbadafe801fb___1f35d2c652750b9ce2c418f097b652b5.webp','home',1,11),
 (8,'Feminino Até 50% pra elas','https://gwzxxwhojvystffrqsty.supabase.co/storage/v1/object/public/imagens-banners/home/8/db4021f4-6b4b-453a-a73d-903fdfbdc039___5b54152c8006988cebfa081c8391d1c8.webp','home',1,9),
 (9,'Imagem Liquidação','https://gwzxxwhojvystffrqsty.supabase.co/storage/v1/object/public/imagens-banners/hero/9/230262f3-4558-4f59-9a5c-043bb6d71449___993a4755816523e1d1e30775d07a2d27.webp','hero',1,5),
 (10,'Compre duas camisas por 1','https://gwzxxwhojvystffrqsty.supabase.co/storage/v1/object/public/imagens-banners/hero/10/e8aa5103-1bbe-472b-b5fd-95011485a8e1___f96573a041f7a5420f29e9ab2a5896cc.webp','hero',1,2),
 (11,'Linhas UV','https://gwzxxwhojvystffrqsty.supabase.co/storage/v1/object/public/imagens-banners/hero/11/7ab0f33a-a677-48c0-8eb4-e84509e94b76___80aaab34e5aa5e15ea7d548337739f9c.webp','hero',1,1),
 (12,'Camisas A Partir De R$89','https://gwzxxwhojvystffrqsty.supabase.co/storage/v1/object/public/imagens-banners/header/12/1da10089-87db-437e-a80a-81356004288b___7255af27362c9c489a98842831071397.webp','header',1,2),
 (13,'Bazar Até 50%','https://gwzxxwhojvystffrqsty.supabase.co/storage/v1/object/public/imagens-banners/header/13/ee5a9c52-b4d0-4382-9dc9-e4c4ed9d655e___abcd519a75ce74a05932f6583632ce0a.webp','header',1,7),
 (14,'40% Off','https://gwzxxwhojvystffrqsty.supabase.co/storage/v1/object/public/imagens-banners/header/14/dad14a83-bbcc-487f-98ec-0b66d6634280___bfbfd8555c75d226e02a68facd12b89e.webp','header',1,12),
 (15,'60% off','https://gwzxxwhojvystffrqsty.supabase.co/storage/v1/object/public/imagens-banners/header/15/929eaddd-dccb-42c3-bab0-a01cb4121a2b___a2685b0f01e27775d109cb0167745808.gif','header',1,31),
 (16,'Reserva Every Day','https://gwzxxwhojvystffrqsty.supabase.co/storage/v1/object/public/imagens-banners/header/16/3e6e7224-9d89-4d66-85df-0e2aaa59b681___d290d6a3ea91b4fc890043567a5cae1e.webp','header',1,1);
 
 
INSERT INTO "categorias" ("id","titulo","slug","ativo") 
VALUES (1,'Novidade','novidade',1),
 (2,'Roupas','roupas',1),
 (3,'Acessórios','acessorios',0),
 (4,'Linhas','linhas',1),
 (5,'Calçados','calcados',1);
 
 
INSERT INTO "colecoes" ("id","titulo","slug","fk_banner","ativo") 
VALUES (1,'Masculino','masculino',16,1),
 (2,'Feminino','feminino',13,1),
 (3,'Infantil','infantil',14,1),
 (4,'Calçados','calcados',15,1),
 (5,'Prime','prime',16,0),
 (6,'Personalização','personalizacao',12,0),
 (7,'Ofertas','ofertas',12,1);

 INSERT INTO "colecao_categoria" ("id","fk_colecao","fk_categoria") 
VALUES (1,1,1),
 (2,1,2),
 (3,1,3),
 (4,1,4),
 (5,1,5),
 (6,2,1),
 (7,2,2),
 (8,2,3),
 (9,2,4),
 (10,2,5),
 (11,3,1),
 (12,3,2),
 (13,3,3),
 (14,3,4),
 (15,3,5),
 (16,4,1),
 (17,4,4),
 (18,5,1),
 (19,5,2),
 (20,5,3),
 (21,5,4),
 (22,5,5),
 (23,6,1),
 (24,6,2),
 (25,6,3),
 (26,6,4),
 (27,6,5),
 (28,7,1),
 (29,7,2),
 (30,7,3),
 (31,7,4),
 (32,7,5);
 
INSERT INTO "cores" ("id","nome","cor_hex") 
VALUES (1,'Militar','#505b4e'),
 (2,'Azul','#848aa5'),
 (3,'Salmão','#f5d2d9'),
 (4,'Bege','#e5e1c2'),
 (5,'Branco','#dadada'),
 (6,'Verde Limão','#31b44a'),
 (7,'Azul Seco','#acccd5'),
 (8,'Marinho Stoned','#1847a0'),
 (9,'Acafrao_AM','#fcc92f'),
 (10,'Preto','#000000'),
 (11,'Marinho','#304880'),
 (12,'Cinza Lua','#c6b9b2'),
 (13,'Caramelo','#976027'),
 (14,'Indigo','#305676'),
 (15,'Off White','#eeecdf'),
 (16,'Listrado','#c0c0c0'),
 (17,'Rosa','#e5d0d0'),
 (18,'Osso','#a9a69a'),
 (19,'Panacota','#e6dac3'),
 (20,'Listrado','#c0c0c0'),
 (21,'Vermelho','#982920');
 
INSERT INTO "cupons" ("id","cupom","desconto") 
VALUES (1,'NEWUSERFAKE',0.5),
 (2,'FAKEANDO',0.1),
 (3,'TESTE777',0.05);
 
INSERT INTO "enderecos" ("id","cep","endereco","numero","complemento","cidade","uf") 
VALUES (1,'60182001','Rua Des','124','','SÃO PAULO','SP'),
 (2,'60182001','Rua Des','124','Casa','SÃO PAULO','SP'),
 (3,'60182001','Rua Des','124','Casa','SÃO PAULO','SP'),
 (4,'60182001','Rua Des','124','Casa','SÃO PAULO','SP'),
 (5,'60182001','Rua Rua','123','','FORTALEZA','SP');
 
 
INSERT INTO "opcoes" ("id","titulo","slug","ativo") 
VALUES (1,'Novidades da coleção','novidades-da-colecao',1),
 (2,'Linho tecnológico','linho-tecnologico',1),
 (3,'Roupas','roupas',1),
 (4,'Camisetas','camisetas',1),
 (5,'Polos','polos',1),
 (6,'Bermudas e shorts','bermudas-e-shorts',1),
 (7,'Camisas','camisas',1),
 (8,'Calças','calcas',1),
 (9,'Casacos e jaquetas','casacos-e-jaquetas',1),
 (10,'Moletom','moletom',1),
 (11,'Tênis','tenis',1),
 (12,'Bonés','bones',1),
 (13,'Clássicos','classicos',1),
 (14,'Linho','linho',1),
 (15,'Kits 15% off','kits-15-off',1),
 (16,'Jeans','jeans',1),
 (17,'Tal pai, tal filho(a)','tal-pai-tal-filho(a)',1);
 
INSERT INTO "orders" ("id","data","total") 
VALUES (1,'2025-03-14 02:25:34',3618.45),
 (2,'2025-03-14 02:29:29',3618.45),
 (3,'2025-03-15 03:07:06',229.9),
 (4,'2025-03-15 03:08:53',229.9),
 (5,'2025-03-15 03:09:40',2252.95),
 (6,'2025-03-15 17:10:22',2431.95),
 (7,'2025-03-15 17:11:50',2796.9);
 
ALTER TABLE "tamanhos" ADD COLUMN "slug" TEXT NOT NULL UNIQUE;
 INSERT INTO "tamanhos" ("id","nome","slug","img","ativo") 
VALUES (1,'P','p','https://gwzxxwhojvystffrqsty.supabase.co/storage/v1/object/public/imagens-tamanhos/p/4d3ce4b1-8be8-43e2-94f6-a027ddca70a5___dc2c4b83f5e7c5d790664ece3c0868c2.webp',1),
 (2,'M','m','https://gwzxxwhojvystffrqsty.supabase.co/storage/v1/object/public/imagens-tamanhos/m/181f522b-69b2-4426-aba9-b4b9f1ed4d64___2d25af70b96c834a94bc9fda5bc95ad5.webp',1),
 (3,'G','g','https://gwzxxwhojvystffrqsty.supabase.co/storage/v1/object/public/imagens-tamanhos/g/4effadcd-a8ac-4be1-8dab-a6f825560567___e86e8e9ecdc17e03e7494ecf520e08db.webp',1),
 (4,'GG','gg','https://gwzxxwhojvystffrqsty.supabase.co/storage/v1/object/public/imagens-tamanhos/gg/b19b9746-3189-4d11-899a-c6e9cbdf06f5___362873cf6f9fd72c0efb9ee2661b315d.webp',1),
 (5,'GGG','ggg',NULL,0),
 (6,'3G','3g','https://gwzxxwhojvystffrqsty.supabase.co/storage/v1/object/public/imagens-tamanhos/3g/7ee36bf9-4eeb-437e-b776-beeab701faf6___e5174909b40b5aea760d0a1298c14967.webp',1),
 (7,'38','38',NULL,0),
 (8,'39','39','https://gwzxxwhojvystffrqsty.supabase.co/storage/v1/object/public/imagens-tamanhos/39/b4685b5d-dcea-4dd1-864a-4bdf157e5e3d___e994a1d8cc9bde5d1e78cf6f0bc2fc53.webp',1),
 (9,'40','40','https://gwzxxwhojvystffrqsty.supabase.co/storage/v1/object/public/imagens-tamanhos/40/c7234b20-d661-4d5d-9040-e746a125b39d___5c25f6acfd1cbf826b9834f2d594fffc.webp',1),
 (10,'41','41','https://gwzxxwhojvystffrqsty.supabase.co/storage/v1/object/public/imagens-tamanhos/41/a136adc8-a931-442f-ad0e-a27609772bb1___1cce23708b89b7374a1641d2888bd266.webp',1),
 (11,'42','42','https://gwzxxwhojvystffrqsty.supabase.co/storage/v1/object/public/imagens-tamanhos/42/59e33dec-e322-49a3-8748-3164927bde38___f785209aed47280f7e98b03949e016a8.webp',1),
 (12,'43','43','https://gwzxxwhojvystffrqsty.supabase.co/storage/v1/object/public/imagens-tamanhos/43/2becb39d-ec59-48a0-8229-d077951453f2___9d8335373422c0add8aab41e0f652d28.webp',1),
 (13,'44','44','https://gwzxxwhojvystffrqsty.supabase.co/storage/v1/object/public/imagens-tamanhos/44/d107c4f0-55c7-463f-825e-0294a117a246___df4c944f167368a782ab0be80992a202.webp',1),
 (14,'46','46',NULL,0),
 (15,'35','35',NULL,1),
 (16,'36','36',NULL,1),
 (17,'37','37',NULL,1),
 (18,'33','33',NULL,1),
 (19,'PP','pp',NULL,1),
 (20,'34','34',NULL,1);
 
INSERT INTO "produtos" ("id","nome","hover_img","img","estoque","preco","preco_antigo","sem_juros","cashback","ativo","fk_colecao") 
VALUES (1,'Camiseta Regular Mescla Touch','https://gwzxxwhojvystffrqsty.supabase.co/storage/v1/object/public/imagens-produtos/1/4/0087562002_04.webp','https://gwzxxwhojvystffrqsty.supabase.co/storage/v1/object/public/imagens-produtos/1/4/0087562002_01.webp',50,242.1,269.0,4,10,1,1),
 (2,'POLO PIQUET CLASS RSV','https://gwzxxwhojvystffrqsty.supabase.co/storage/v1/object/public/imagens-produtos/2/3/0087562930_04.webp','https://gwzxxwhojvystffrqsty.supabase.co/storage/v1/object/public/imagens-produtos/2/3/0087562930_01.webp',50,208.9,349.0,3,10,1,1),
 (3,'Bermuda Casual Rio','https://gwzxxwhojvystffrqsty.supabase.co/storage/v1/object/public/imagens-produtos/3/2/8760412-1200-auto.webp','https://gwzxxwhojvystffrqsty.supabase.co/storage/v1/object/public/imagens-produtos/3/2/8760409-1200-auto.webp',50,208.9,349.0,3,10,1,1),
 (4,'camiseta básica brasa pica-pau bordado','https://gwzxxwhojvystffrqsty.supabase.co/storage/v1/object/public/imagens-produtos/4/5/0034603014_04.webp','https://gwzxxwhojvystffrqsty.supabase.co/storage/v1/object/public/imagens-produtos/4/5/0034603014_01.webp',50,109.9,169.0,4,10,1,1),
 (5,'polo pima piquet','https://gwzxxwhojvystffrqsty.supabase.co/storage/v1/object/public/imagens-produtos/5/7/0080873918_04.webp','https://gwzxxwhojvystffrqsty.supabase.co/storage/v1/object/public/imagens-produtos/5/7/0080873918_01.webp',50,520.9,529.0,3,10,1,1),
 (6,'camiseta básica gota pica-pau bordado','https://gwzxxwhojvystffrqsty.supabase.co/storage/v1/object/public/imagens-produtos/6/8/0034606563_05.webp','https://gwzxxwhojvystffrqsty.supabase.co/storage/v1/object/public/imagens-produtos/6/8/0034606563_01.webp',50,109.9,169.0,3,10,1,1),
 (7,'camisa ml linho','https://gwzxxwhojvystffrqsty.supabase.co/storage/v1/object/public/imagens-produtos/7/9/0092838464_04.webp','https://gwzxxwhojvystffrqsty.supabase.co/storage/v1/object/public/imagens-produtos/7/9/0092838464_01.webp',50,700.0,799.0,6,10,1,1),
 (8,'jaqueta couro portugal','https://gwzxxwhojvystffrqsty.supabase.co/storage/v1/object/public/imagens-produtos/8/10/0052064040_04.webp','https://gwzxxwhojvystffrqsty.supabase.co/storage/v1/object/public/imagens-produtos/8/10/0052064040_01.webp',50,6999.0,7000.0,12,10,1,1),
 (9,'jaqueta dupla face color block','https://gwzxxwhojvystffrqsty.supabase.co/storage/v1/object/public/imagens-produtos/9/11/9278624-1200-auto.webp','https://gwzxxwhojvystffrqsty.supabase.co/storage/v1/object/public/imagens-produtos/9/11/9278619-1200-auto.webp',50,558.9,1599.0,12,10,1,1),
 (10,'tricot gola careca','https://gwzxxwhojvystffrqsty.supabase.co/storage/v1/object/public/imagens-produtos/10/11/0081889312_04.webp','https://gwzxxwhojvystffrqsty.supabase.co/storage/v1/object/public/imagens-produtos/10/11/0081889312_01.webp',50,339.15,399.0,4,10,1,1),
 (11,'jaqueta casual sarja','https://gwzxxwhojvystffrqsty.supabase.co/storage/v1/object/public/imagens-produtos/11/10/7656046-1200-auto.webp','https://gwzxxwhojvystffrqsty.supabase.co/storage/v1/object/public/imagens-produtos/11/10/7656043-1200-auto.webp',50,849.15,999.0,6,10,1,1),
 (12,'blazer linho tech','https://gwzxxwhojvystffrqsty.supabase.co/storage/v1/object/public/imagens-produtos/12/12/0089920466_02.webp','https://gwzxxwhojvystffrqsty.supabase.co/storage/v1/object/public/imagens-produtos/12/12/0089920466_01.webp',50,2398.9,3999.0,12,10,1,1),
 (13,'tenis rsv croma','https://gwzxxwhojvystffrqsty.supabase.co/storage/v1/object/public/imagens-produtos/13/5/9123134-1200-auto.webp','https://gwzxxwhojvystffrqsty.supabase.co/storage/v1/object/public/imagens-produtos/13/5/9123131-1200-auto.webp',50,594.15,699.0,6,10,1,1),
 (14,'tenis rsv yankee senna 2','https://gwzxxwhojvystffrqsty.supabase.co/storage/v1/object/public/imagens-produtos/14/10/9282674-1200-auto.webp','https://gwzxxwhojvystffrqsty.supabase.co/storage/v1/object/public/imagens-produtos/14/10/9282671-1200-auto.webp',50,849.15,999.0,10,10,1,1),
 (15,'chinelo rsv slide type r','https://gwzxxwhojvystffrqsty.supabase.co/storage/v1/object/public/imagens-produtos/15/10/8791087-1200-auto.webp','https://gwzxxwhojvystffrqsty.supabase.co/storage/v1/object/public/imagens-produtos/15/10/8791084-1200-auto.webp',50,211.65,249.0,4,10,1,1),
 (16,'chinelo rsv noronha','https://gwzxxwhojvystffrqsty.supabase.co/storage/v1/object/public/imagens-produtos/16/13/8711473-1200-auto.webp','https://gwzxxwhojvystffrqsty.supabase.co/storage/v1/object/public/imagens-produtos/16/13/8711471-1200-auto.webp',50,220.15,259.0,4,10,1,1),
 (17,'tênis astral #222 reserva','https://gwzxxwhojvystffrqsty.supabase.co/storage/v1/object/public/imagens-produtos/16/13/8711473-1200-auto.webp','https://gwzxxwhojvystffrqsty.supabase.co/storage/v1/object/public/imagens-produtos/17/10/0045757902_01.webp',50,494.9,549.0,4,10,1,1),
 (18,'camisa denim com babados zw collection','https://gwzxxwhojvystffrqsty.supabase.co/storage/v1/object/public/imagens-produtos/18/14/05216242400-e1.jpg','https://gwzxxwhojvystffrqsty.supabase.co/storage/v1/object/public/imagens-produtos/18/14/05216242400-1-a1.jpg',50,239.0,599.0,4,10,1,2),
 (19,'short de sarja','https://gwzxxwhojvystffrqsty.supabase.co/storage/v1/object/public/imagens-produtos/19/15/08338811251-e1.jpg', 'https://gwzxxwhojvystffrqsty.supabase.co/storage/v1/object/public/imagens-produtos/19/15/08338811251-p.jpg', 50,223.0,559.0,3,10,1,2),
 (20,'top z1975 curto denim','https://gwzxxwhojvystffrqsty.supabase.co/storage/v1/object/public/imagens-produtos/20/14/00779057400-e1.jpg', 'https://gwzxxwhojvystffrqsty.supabase.co/storage/v1/object/public/imagens-produtos/20/14/00779057400-a1.jpg',50,239.0,599.0,4,10,1,2),
 (21,'vestido midi listra navy','https://gwzxxwhojvystffrqsty.supabase.co/storage/v1/object/public/imagens-produtos/21/16/03780718615-e1.jpg', 'https://gwzxxwhojvystffrqsty.supabase.co/storage/v1/object/public/imagens-produtos/21/16/03780718615-a1.jpg',50,359.0,899.0,6,10,1,2),
 (22,'saia sarja art','https://gwzxxwhojvystffrqsty.supabase.co/storage/v1/object/public/imagens-produtos/22/17/05029090330-e1.jpg', 'https://gwzxxwhojvystffrqsty.supabase.co/storage/v1/object/public/imagens-produtos/22/17/05029090330-p.jpg',50,199.0,499.0,4,10,1,2),
 (23,'tenis rsv yankee','https://gwzxxwhojvystffrqsty.supabase.co/storage/v1/object/public/imagens-produtos/23/18/9281564-1200-auto.webp', 'https://gwzxxwhojvystffrqsty.supabase.co/storage/v1/object/public/imagens-produtos/23/18/9281561-1200-auto.webp',50,730.15,859.0,12,10,1,2),
 (24,'tenis rsv r-broox','https://gwzxxwhojvystffrqsty.supabase.co/storage/v1/object/public/imagens-produtos/24/15/0083375915_04.webp', 'https://gwzxxwhojvystffrqsty.supabase.co/storage/v1/object/public/imagens-produtos/24/15/0083375915_01.webp',50,764.15,899.0,12,10,1,2),
 (25,'tenis rsv r-broox','https://gwzxxwhojvystffrqsty.supabase.co/storage/v1/object/public/imagens-produtos/25/14/0092313902_04.webp', 'https://gwzxxwhojvystffrqsty.supabase.co/storage/v1/object/public/imagens-produtos/25/14/0092313902_01.webp',50,764.15,899.0,12,10,1,2),
 (26,'tenis rsv r-vintage jaguar','https://gwzxxwhojvystffrqsty.supabase.co/storage/v1/object/public/imagens-produtos/26/10/8799846-1200-auto.webp', 'https://gwzxxwhojvystffrqsty.supabase.co/storage/v1/object/public/imagens-produtos/26/10/8799843-1200-auto.webp',50,334.9,559.0,6,10,1,2),
 (27,'sandália rasteira fem slide reversa','https://gwzxxwhojvystffrqsty.supabase.co/storage/v1/object/public/imagens-produtos/27/19/8393826-1200-auto.webp', 'https://gwzxxwhojvystffrqsty.supabase.co/storage/v1/object/public/imagens-produtos/27/19/8393823-1200-auto.webp',50,238.9,399.0,6,10,1,2),
 (28,'sandals fem meia pata jo','https://gwzxxwhojvystffrqsty.supabase.co/storage/v1/object/public/imagens-produtos/28/10/13314510406-e3.jpg', 'https://gwzxxwhojvystffrqsty.supabase.co/storage/v1/object/public/imagens-produtos/28/10/13314510406-e1.jpg',50,298.9,499.0,6,10,1,2),
 (29,'camiseta mc mini listra street','https://gwzxxwhojvystffrqsty.supabase.co/storage/v1/object/public/imagens-produtos/29/10/8706282-1200-auto.webp', 'https://gwzxxwhojvystffrqsty.supabase.co/storage/v1/object/public/imagens-produtos/29/10/8706279-1200-auto.webp',50,89.0,179.0,4,10,1,3),
 (30,'tenis rsv croma','https://gwzxxwhojvystffrqsty.supabase.co/storage/v1/object/public/imagens-produtos/30/5/9123134-1200-auto.webp', 'https://gwzxxwhojvystffrqsty.supabase.co/storage/v1/object/public/imagens-produtos/30/5/9123131-1200-auto.webp',50,594.15,699.0,11,10,1,4),
 (31,'tênis masculino reserva hunter','https://gwzxxwhojvystffrqsty.supabase.co/storage/v1/object/public/imagens-produtos/31/14/15410610017-e5.jpg', 'https://gwzxxwhojvystffrqsty.supabase.co/storage/v1/object/public/imagens-produtos/31/14/15410610017-e1.jpg',50,568.65,669.0,11,10,1,4),
 (32,'tenis rsv yankee','https://gwzxxwhojvystffrqsty.supabase.co/storage/v1/object/public/imagens-produtos/32/13/0078812904_04.webp', 'https://gwzxxwhojvystffrqsty.supabase.co/storage/v1/object/public/imagens-produtos/32/13/0078812904_01.webp',50,809.9,899.0,12,10,1,4),
 (33,'camisa mc estampada jardim botanico u','https://gwzxxwhojvystffrqsty.supabase.co/storage/v1/object/public/imagens-produtos/33/20/9129325-1200-auto.webp', 'https://gwzxxwhojvystffrqsty.supabase.co/storage/v1/object/public/imagens-produtos/33/20/9129322-1200-auto.webp',50,229.9,599.0,4,10,1,7),
 (34,'hunter jacket','https://gwzxxwhojvystffrqsty.supabase.co/storage/v1/object/public/imagens-produtos/34/10/0070988040_04.webp', 'https://gwzxxwhojvystffrqsty.supabase.co/storage/v1/object/public/imagens-produtos/34/10/0070988040_01.webp',50,599.9,1499.0,12,10,1,7),
 (35,'camisa z1975 curta denim','https://gwzxxwhojvystffrqsty.supabase.co/storage/v1/object/public/imagens-produtos/35/14/01934029427-e1.jpg', 'https://gwzxxwhojvystffrqsty.supabase.co/storage/v1/object/public/imagens-produtos/35/14/01934029427-p.jpg',50,179.0,449.0,3,10,1,7),
 (36,'top linho vermelho','https://gwzxxwhojvystffrqsty.supabase.co/storage/v1/object/public/imagens-produtos/36/21/03641842681-e1.jpg', 'https://gwzxxwhojvystffrqsty.supabase.co/storage/v1/object/public/imagens-produtos/36/21/03641842681-a1.jpg',50,139.0,349.0,4,10,1,7),
 (37,'camisa de linho over','https://gwzxxwhojvystffrqsty.supabase.co/storage/v1/object/public/imagens-produtos/37/7/02374334406-e1.jpg', 'https://gwzxxwhojvystffrqsty.supabase.co/storage/v1/object/public/imagens-produtos/37/7/02374334406-p.jpg',50,259.0,649.0,6,10,1,7);

 INSERT INTO "produto_categoria" ("id","fk_produto","fk_categoria") 
VALUES (1,1,1),
 (2,1,2),
 (3,1,3),
 (4,2,1),
 (5,2,2),
 (6,3,3),
 (7,4,1),
 (8,5,1),
 (9,6,1),
 (10,7,1),
 (11,8,1),
 (12,9,1),
 (13,10,1),
 (14,11,1),
 (15,12,1),
 (16,13,1),
 (17,14,1),
 (18,15,1),
 (19,16,1),
 (20,17,1),
 (21,4,4),
 (22,5,4),
 (23,6,4),
 (24,7,4),
 (25,8,4),
 (26,9,4),
 (27,10,4),
 (28,11,4),
 (29,12,4),
 (30,4,2),
 (31,5,2),
 (32,6,2),
 (33,7,2),
 (34,13,5),
 (35,14,5),
 (36,15,5),
 (37,16,5),
 (38,17,5),
 (39,17,1),
 (40,18,1),
 (41,19,1),
 (42,20,1),
 (43,21,1),
 (44,22,1),
 (45,23,1),
 (46,24,1),
 (47,25,1),
 (48,26,1),
 (49,27,1),
 (50,28,1),
 (51,29,1),
 (52,30,1),
 (53,31,1),
 (54,32,1),
 (55,33,1),
 (56,17,4),
 (57,18,4),
 (58,19,4),
 (59,20,4),
 (60,21,4),
 (61,26,4),
 (62,27,4),
 (63,28,4),
 (64,32,4),
 (65,33,4),
 (66,17,1),
 (67,18,1),
 (68,19,1),
 (69,20,1),
 (70,21,1),
 (71,22,1),
 (72,23,1),
 (73,24,1),
 (74,25,1),
 (75,26,1),
 (76,27,1),
 (77,28,1),
 (78,29,1),
 (79,30,1),
 (80,31,1),
 (81,32,1),
 (82,33,1),
 (83,17,2),
 (84,18,2),
 (85,19,2),
 (86,20,2),
 (87,21,2),
 (88,28,2),
 (89,32,2),
 (90,33,2),
 (92,23,5),
 (93,24,5),
 (94,25,5),
 (95,26,5),
 (96,27,5),
 (97,29,5),
 (98,30,5),
 (99,31,5),
 (100,3,2),
 (101,34,2),
 (102,35,1),
 (103,35,2),
 (104,35,4),
 (105,36,1),
 (106,36,2),
 (107,36,4),
 (108,37,2),
 (109,37,1);

 INSERT INTO "produto_tamanho" ("id","fk_produto","fk_tamanho") 
VALUES (1,1,1),
 (2,1,2),
 (3,1,3),
 (4,1,4),
 (5,1,5),
 (6,2,1),
 (7,2,3),
 (8,2,4),
 (9,2,5),
 (10,3,6),
 (11,3,7),
 (12,3,8),
 (13,3,9),
 (14,3,10),
 (15,3,11),
 (16,3,12),
 (17,3,13),
 (18,3,14),
 (19,4,1),
 (20,4,3),
 (21,4,4),
 (22,4,5),
 (23,5,1),
 (24,5,2),
 (25,5,3),
 (26,5,4),
 (27,5,5),
 (28,6,1),
 (29,6,2),
 (30,6,3),
 (31,6,4),
 (32,6,5),
 (33,7,1),
 (34,7,2),
 (35,7,3),
 (36,7,4),
 (37,7,5),
 (38,8,1),
 (39,8,2),
 (40,8,3),
 (41,8,4),
 (42,8,5),
 (43,9,1),
 (44,9,2),
 (45,9,3),
 (46,9,4),
 (47,9,5),
 (48,10,1),
 (49,10,2),
 (50,10,4),
 (51,11,1),
 (52,11,2),
 (53,11,3),
 (54,11,4),
 (55,11,5),
 (56,12,1),
 (57,12,2),
 (58,12,3),
 (59,12,4),
 (60,13,17),
 (61,13,7),
 (62,13,8),
 (63,13,9),
 (64,13,10),
 (65,13,11),
 (66,13,12),
 (67,13,13),
 (68,14,15),
 (69,14,16),
 (70,14,17),
 (71,14,7),
 (72,14,8),
 (73,14,9),
 (74,14,10),
 (75,15,18),
 (76,15,15),
 (77,15,17),
 (78,15,8),
 (79,15,10),
 (80,15,12),
 (81,16,18),
 (82,16,8),
 (83,16,10),
 (84,16,12),
 (85,17,11),
 (86,17,12),
 (87,17,13),
 (88,18,19),
 (89,18,1),
 (90,18,2),
 (91,18,3),
 (92,18,4),
 (93,19,20),
 (94,19,16),
 (95,19,7),
 (96,19,9),
 (97,19,11),
 (98,19,13),
 (99,20,19),
 (100,20,1),
 (101,20,2),
 (102,20,3),
 (103,20,4),
 (104,21,20),
 (105,21,16),
 (106,21,7),
 (107,21,9),
 (108,22,20),
 (109,22,16),
 (110,22,7),
 (111,22,9),
 (112,22,11),
 (113,22,13),
 (114,23,15),
 (115,23,16),
 (116,23,17),
 (117,23,7),
 (118,23,8),
 (119,23,9),
 (120,23,10),
 (121,23,11),
 (122,23,12),
 (123,24,10),
 (124,24,11),
 (125,24,12),
 (126,24,13),
 (127,25,17),
 (128,25,7),
 (129,25,9),
 (130,25,10),
 (131,25,11),
 (132,25,12),
 (133,25,13),
 (134,26,17),
 (135,26,7),
 (136,26,9),
 (137,26,10),
 (138,26,11),
 (139,26,12),
 (140,26,13),
 (141,27,18),
 (142,27,20),
 (143,27,15),
 (144,27,9),
 (145,28,7),
 (146,29,17),
 (147,29,7),
 (148,29,8),
 (149,29,9),
 (150,30,17),
 (151,30,7),
 (152,30,8),
 (153,30,9),
 (154,31,17),
 (155,31,7),
 (156,31,8),
 (157,31,9),
 (158,32,17),
 (159,32,7),
 (160,32,8),
 (161,32,9),
 (162,33,1),
 (163,33,2),
 (164,34,1),
 (165,34,2),
 (166,34,3),
 (167,35,19),
 (168,35,1),
 (169,35,2),
 (170,35,3),
 (171,35,4),
 (172,36,19),
 (173,36,2),
 (174,36,4),
 (175,37,19),
 (176,37,1);
 
INSERT INTO "sessions" ("id","email") 
VALUES ('d32bd7a0-6179-4b8e-b9c1-6ca560157e8d','teste@teste.com'),
 (NULL,'edson@gmail.com'),
 ('d46d5030-f63c-46a2-9d5a-5e0b0f9a3c95',NULL),
 ('f8be5a43-f7de-4c12-83ef-e146661c1ec7',NULL),
 ('3f4d47d6-3d69-450e-8abd-bd2cc578b831',NULL),
 ('b3ac4494-3d66-4593-b8bd-86137517a320',NULL),
 ('ad7566b0-fb16-4e59-a559-9a707f73e6fa',NULL),
 ('cbcf3193-e7c4-4fdf-b347-ac4a9213c7a6',NULL);
 
INSERT INTO "session_endereco" ("id","fk_session","fk_endereco") 
VALUES (1,'d32bd7a0-6179-4b8e-b9c1-6ca560157e8d',2),
 (4,'d32bd7a0-6179-4b8e-b9c1-6ca560157e8d',5);
 
 
 INSERT INTO "tamanho_colecao" ("id","fk_colecao","fk_tamanho") 
VALUES (1,2,1),
 (2,1,2),
 (3,1,3),
 (4,2,4),
 (5,1,6),
 (6,4,8),
 (7,4,9),
 (8,4,10),
 (9,4,11),
 (10,4,12),
 (11,4,13);

INSERT INTO "usuarios" ("id","email","senha","nome","sobrenome","cpf","genero","data_nascimento","telefone") 
VALUES (1,'edson@gmail.com','$2b$10$WhDjXSZOkgwb44FN47nmUu.XgflNpOQhKohzwcJpvtOThuXGVuGwS','EDSON','CARVALHO','444.444.444-44','M','2000-01-14','(11) 9 4050-6070'),
 (2,'teste@teste.com','$2b$10$KyD19SVy6DEHgQcm1HBA7.gBBgYlJuRdc0Fbjxpjj2W70mOfNTZF6','Testando','Teste','123.456.789-96','M','2001-01-15','(11) 1 1111-1111');

 INSERT INTO "cor_produto" ("id","fk_produto","fk_cor") 
VALUES (1,1,4),
 (2,2,3),
 (3,3,2),
 (4,3,1),
 (5,4,5),
 (6,4,6),
 (7,5,7),
 (8,6,8),
 (9,7,9),
 (10,8,10),
 (11,9,11),
 (12,10,11),
 (13,11,10),
 (14,12,12),
 (15,13,5),
 (16,14,10),
 (17,15,10),
 (18,16,13),
 (19,17,5),
 (20,18,14),
 (21,19,15),
 (22,20,14),
 (23,21,16),
 (24,22,17),
 (25,23,18),
 (26,24,15),
 (27,25,14),
 (28,26,10),
 (29,27,19),
 (30,28,10),
 (31,29,10),
 (32,30,5),
 (33,31,14),
 (34,32,13),
 (35,33,20),
 (36,34,10),
 (37,35,14),
 (38,36,21),
 (39,37,7);

 INSERT INTO "imagens" ("id","img","fk_cor","fk_produto") 
VALUES (1,'https://gwzxxwhojvystffrqsty.supabase.co/storage/v1/object/public/imagens-produtos/1/4/0087562002_01.webp',4,1),
 (2,'https://gwzxxwhojvystffrqsty.supabase.co/storage/v1/object/public/imagens-produtos/1/4/0087562002_02.webp',4,1),
 (3,'https://gwzxxwhojvystffrqsty.supabase.co/storage/v1/object/public/imagens-produtos/1/4/0087562002_03.webp',4,1),
 (4,'https://gwzxxwhojvystffrqsty.supabase.co/storage/v1/object/public/imagens-produtos/1/4/0087562002_04.webp',4,1),
 (5,'https://gwzxxwhojvystffrqsty.supabase.co/storage/v1/object/public/imagens-produtos/2/3/0087562930_01.webp',3,2),
 (6,'https://gwzxxwhojvystffrqsty.supabase.co/storage/v1/object/public/imagens-produtos/2/3/0087562930_02.webp',3,2),
 (7,'https://gwzxxwhojvystffrqsty.supabase.co/storage/v1/object/public/imagens-produtos/2/3/0087562930_03.webp',3,2),
 (8,'https://gwzxxwhojvystffrqsty.supabase.co/storage/v1/object/public/imagens-produtos/2/3/0087562930_04.webp',3,2),
 (9,'https://gwzxxwhojvystffrqsty.supabase.co/storage/v1/object/public/imagens-produtos/3/2/8760409-1200-auto.webp',2,3),
 (10,'https://gwzxxwhojvystffrqsty.supabase.co/storage/v1/object/public/imagens-produtos/3/2/8760410-1200-auto.webp',2,3),
 (11,'https://gwzxxwhojvystffrqsty.supabase.co/storage/v1/object/public/imagens-produtos/3/2/8760411-1200-auto.webp',2,3),
 (12,'https://gwzxxwhojvystffrqsty.supabase.co/storage/v1/object/public/imagens-produtos/3/2/8760412-1200-auto.webp',2,3),
 (17,'https://gwzxxwhojvystffrqsty.supabase.co/storage/v1/object/public/imagens-produtos/3/1/8766249-1200-auto.jpeg',1,3),
 (18,'https://gwzxxwhojvystffrqsty.supabase.co/storage/v1/object/public/imagens-produtos/3/1/8766250-1200-auto.jpeg',1,3),
 (19,'https://gwzxxwhojvystffrqsty.supabase.co/storage/v1/object/public/imagens-produtos/3/1/8766251-1200-auto.webp',1,3),
 (20,'https://gwzxxwhojvystffrqsty.supabase.co/storage/v1/object/public/imagens-produtos/3/1/8766252-1200-auto.webp',1,3),
 (21,'https://gwzxxwhojvystffrqsty.supabase.co/storage/v1/object/public/imagens-produtos/4/5/0034603014_01.webp',5,4),
 (22,'https://gwzxxwhojvystffrqsty.supabase.co/storage/v1/object/public/imagens-produtos/4/5/0034603014_02.webp',5,4),
 (23,'https://gwzxxwhojvystffrqsty.supabase.co/storage/v1/object/public/imagens-produtos/4/5/0034603014_03.webp',5,4),
 (24,'https://gwzxxwhojvystffrqsty.supabase.co/storage/v1/object/public/imagens-produtos/4/5/0034603014_04.webp',5,4),
 (25,'https://gwzxxwhojvystffrqsty.supabase.co/storage/v1/object/public/imagens-produtos/4/5/0034603014_05.webp',5,4),
 (31,'https://gwzxxwhojvystffrqsty.supabase.co/storage/v1/object/public/imagens-produtos/4/6/0034603566_01.webp',6,4),
 (32,'https://gwzxxwhojvystffrqsty.supabase.co/storage/v1/object/public/imagens-produtos/4/6/0034603566_02.webp',6,4),
 (33,'https://gwzxxwhojvystffrqsty.supabase.co/storage/v1/object/public/imagens-produtos/4/6/0034603566_03.webp',6,4),
 (34,'https://gwzxxwhojvystffrqsty.supabase.co/storage/v1/object/public/imagens-produtos/4/6/0034603566_04.webp',6,4),
 (35,'https://gwzxxwhojvystffrqsty.supabase.co/storage/v1/object/public/imagens-produtos/5/7/0080873918_01.webp',7,5),
 (36,'https://gwzxxwhojvystffrqsty.supabase.co/storage/v1/object/public/imagens-produtos/5/7/0080873918_02.webp',7,5),
 (37,'https://gwzxxwhojvystffrqsty.supabase.co/storage/v1/object/public/imagens-produtos/5/7/0080873918_03.webp',7,5),
 (38,'https://gwzxxwhojvystffrqsty.supabase.co/storage/v1/object/public/imagens-produtos/5/7/0080873918_04.webp',7,5),
 (39,'https://gwzxxwhojvystffrqsty.supabase.co/storage/v1/object/public/imagens-produtos/5/7/0080873918_05.webp',7,5),
 (40,'https://gwzxxwhojvystffrqsty.supabase.co/storage/v1/object/public/imagens-produtos/5/7/0080873918_06.webp',7,5),
 (41,'https://gwzxxwhojvystffrqsty.supabase.co/storage/v1/object/public/imagens-produtos/6/8/0034606563_01.webp',8,6),
 (42,'https://gwzxxwhojvystffrqsty.supabase.co/storage/v1/object/public/imagens-produtos/6/8/0034606563_02.webp',8,6),
 (43,'https://gwzxxwhojvystffrqsty.supabase.co/storage/v1/object/public/imagens-produtos/6/8/0034606563_03.webp',8,6),
 (44,'https://gwzxxwhojvystffrqsty.supabase.co/storage/v1/object/public/imagens-produtos/6/8/0034606563_04.webp',8,6),
 (45,'https://gwzxxwhojvystffrqsty.supabase.co/storage/v1/object/public/imagens-produtos/6/8/0034606563_05.webp',8,6),
 (46,'https://gwzxxwhojvystffrqsty.supabase.co/storage/v1/object/public/imagens-produtos/7/9/0092838464_01.webp',9,7),
 (47,'https://gwzxxwhojvystffrqsty.supabase.co/storage/v1/object/public/imagens-produtos/7/9/0092838464_02.webp',9,7),
 (48,'https://gwzxxwhojvystffrqsty.supabase.co/storage/v1/object/public/imagens-produtos/7/9/0092838464_03.webp',9,7),
 (49,'https://gwzxxwhojvystffrqsty.supabase.co/storage/v1/object/public/imagens-produtos/7/9/0092838464_04.webp',9,7),
 (50,'https://gwzxxwhojvystffrqsty.supabase.co/storage/v1/object/public/imagens-produtos/7/9/0092838464_05.webp',9,7),
 (51,'https://gwzxxwhojvystffrqsty.supabase.co/storage/v1/object/public/imagens-produtos/8/10/0052064040_01.webp',10,8),
 (52,'https://gwzxxwhojvystffrqsty.supabase.co/storage/v1/object/public/imagens-produtos/8/10/0052064040_02.webp',10,8),
 (53,'https://gwzxxwhojvystffrqsty.supabase.co/storage/v1/object/public/imagens-produtos/8/10/0052064040_03.webp',10,8),
 (54,'https://gwzxxwhojvystffrqsty.supabase.co/storage/v1/object/public/imagens-produtos/8/10/0052064040_04.webp',10,8),
 (55,'https://gwzxxwhojvystffrqsty.supabase.co/storage/v1/object/public/imagens-produtos/8/10/0052064040_06.webp',10,8),
 (56,'https://gwzxxwhojvystffrqsty.supabase.co/storage/v1/object/public/imagens-produtos/9/11/9278619-1200-auto.webp',11,9),
 (57,'https://gwzxxwhojvystffrqsty.supabase.co/storage/v1/object/public/imagens-produtos/9/11/9278620-1200-auto.webp',11,9),
 (58,'https://gwzxxwhojvystffrqsty.supabase.co/storage/v1/object/public/imagens-produtos/9/11/9278621-1200-auto.webp',11,9),
 (59,'https://gwzxxwhojvystffrqsty.supabase.co/storage/v1/object/public/imagens-produtos/9/11/9278622-1200-auto.webp',11,9),
 (60,'https://gwzxxwhojvystffrqsty.supabase.co/storage/v1/object/public/imagens-produtos/9/11/9278623-1200-auto.webp',11,9),
 (61,'https://gwzxxwhojvystffrqsty.supabase.co/storage/v1/object/public/imagens-produtos/9/11/9278624-1200-auto.webp',11,9),
 (62,'https://gwzxxwhojvystffrqsty.supabase.co/storage/v1/object/public/imagens-produtos/10/11/0081889312_01.webp',11,10),
 (63,'https://gwzxxwhojvystffrqsty.supabase.co/storage/v1/object/public/imagens-produtos/10/11/0081889312_02.webp',11,10),
 (64,'https://gwzxxwhojvystffrqsty.supabase.co/storage/v1/object/public/imagens-produtos/10/11/0081889312_03.webp',11,10),
 (65,'https://gwzxxwhojvystffrqsty.supabase.co/storage/v1/object/public/imagens-produtos/10/11/0081889312_04.webp',11,10),
 (66,'https://gwzxxwhojvystffrqsty.supabase.co/storage/v1/object/public/imagens-produtos/10/11/0081889312_05.webp',11,10),
 (67,'https://gwzxxwhojvystffrqsty.supabase.co/storage/v1/object/public/imagens-produtos/10/11/0081889312_06.webp',11,10),
 (68,'https://gwzxxwhojvystffrqsty.supabase.co/storage/v1/object/public/imagens-produtos/11/10/7656043-1200-auto.webp',10,11),
 (69,'https://gwzxxwhojvystffrqsty.supabase.co/storage/v1/object/public/imagens-produtos/11/10/7656044-1200-auto.webp',10,11),
 (70,'https://gwzxxwhojvystffrqsty.supabase.co/storage/v1/object/public/imagens-produtos/11/10/7656045-1200-auto.webp',10,11),
 (71,'https://gwzxxwhojvystffrqsty.supabase.co/storage/v1/object/public/imagens-produtos/11/10/7656046-1200-auto.webp',10,11),
 (72,'https://gwzxxwhojvystffrqsty.supabase.co/storage/v1/object/public/imagens-produtos/12/12/0089920466_01.webp',12,12),
 (73,'https://gwzxxwhojvystffrqsty.supabase.co/storage/v1/object/public/imagens-produtos/12/12/0089920466_02.webp',12,12),
 (74,'https://gwzxxwhojvystffrqsty.supabase.co/storage/v1/object/public/imagens-produtos/12/12/0089920466_03.webp',12,12),
 (75,'https://gwzxxwhojvystffrqsty.supabase.co/storage/v1/object/public/imagens-produtos/13/5/9123131-1200-auto.webp',5,13),
 (76,'https://gwzxxwhojvystffrqsty.supabase.co/storage/v1/object/public/imagens-produtos/13/5/9123132-1200-auto.webp',5,13),
 (77,'https://gwzxxwhojvystffrqsty.supabase.co/storage/v1/object/public/imagens-produtos/13/5/9123133-1200-auto.webp',5,13),
 (78,'https://gwzxxwhojvystffrqsty.supabase.co/storage/v1/object/public/imagens-produtos/13/5/9123134-1200-auto.webp',5,13),
 (79,'https://gwzxxwhojvystffrqsty.supabase.co/storage/v1/object/public/imagens-produtos/14/10/9282671-1200-auto.webp',10,14),
 (80,'https://gwzxxwhojvystffrqsty.supabase.co/storage/v1/object/public/imagens-produtos/14/10/9282672-1200-auto.webp',10,14),
 (81,'https://gwzxxwhojvystffrqsty.supabase.co/storage/v1/object/public/imagens-produtos/14/10/9282673-1200-auto.webp',10,14),
 (82,'https://gwzxxwhojvystffrqsty.supabase.co/storage/v1/object/public/imagens-produtos/14/10/9282674-1200-auto.webp',10,14),
 (83,'https://gwzxxwhojvystffrqsty.supabase.co/storage/v1/object/public/imagens-produtos/15/10/8791084-1200-auto.webp',10,15),
 (84,'https://gwzxxwhojvystffrqsty.supabase.co/storage/v1/object/public/imagens-produtos/15/10/8791085-1200-auto.webp',10,15),
 (85,'https://gwzxxwhojvystffrqsty.supabase.co/storage/v1/object/public/imagens-produtos/15/10/8791086-1200-auto.webp',10,15),
 (86,'https://gwzxxwhojvystffrqsty.supabase.co/storage/v1/object/public/imagens-produtos/15/10/8791087-1200-auto.webp',10,15),
 (87,'https://gwzxxwhojvystffrqsty.supabase.co/storage/v1/object/public/imagens-produtos/16/13/8711469-1200-auto.webp',13,16),
 (88,'https://gwzxxwhojvystffrqsty.supabase.co/storage/v1/object/public/imagens-produtos/16/13/8711470-1200-auto.webp',13,16),
 (89,'https://gwzxxwhojvystffrqsty.supabase.co/storage/v1/object/public/imagens-produtos/16/13/8711471-1200-auto.webp',13,16),
 (90,'https://gwzxxwhojvystffrqsty.supabase.co/storage/v1/object/public/imagens-produtos/16/13/8711472-1200-auto.webp',13,16),
 (91,'https://gwzxxwhojvystffrqsty.supabase.co/storage/v1/object/public/imagens-produtos/16/13/8711473-1200-auto.webp',13,16),
 (92,'https://gwzxxwhojvystffrqsty.supabase.co/storage/v1/object/public/imagens-produtos/16/13/8711474-1200-auto.webp',13,16),
 (93,'https://gwzxxwhojvystffrqsty.supabase.co/storage/v1/object/public/imagens-produtos/17/10/0045757902_01.webp',5,17),
 (94,'https://gwzxxwhojvystffrqsty.supabase.co/storage/v1/object/public/imagens-produtos/17/10/0045757902_02.webp',5,17),
 (95,'https://gwzxxwhojvystffrqsty.supabase.co/storage/v1/object/public/imagens-produtos/17/10/0045757902_03.webp',5,17),
 (96,'https://gwzxxwhojvystffrqsty.supabase.co/storage/v1/object/public/imagens-produtos/17/10/0045757902_04.webp',5,17),
 (97,'https://gwzxxwhojvystffrqsty.supabase.co/storage/v1/object/public/imagens-produtos/17/10/0045757902_05.webp',5,17),
 (98,'https://gwzxxwhojvystffrqsty.supabase.co/storage/v1/object/public/imagens-produtos/18/14/05216242400-1-a1.jpg',14,18),
 (99,'https://gwzxxwhojvystffrqsty.supabase.co/storage/v1/object/public/imagens-produtos/18/14/05216242400-1-a2.jpg',14,18),
 (100,'https://gwzxxwhojvystffrqsty.supabase.co/storage/v1/object/public/imagens-produtos/18/14/05216242400-1-a4.jpg',14,18),
 (101,'https://gwzxxwhojvystffrqsty.supabase.co/storage/v1/object/public/imagens-produtos/18/14/05216242400-e1.jpg',14,18),
 (102,'https://gwzxxwhojvystffrqsty.supabase.co/storage/v1/object/public/imagens-produtos/19/15/08338811251-a2.jpg',15,19),
 (103,'https://gwzxxwhojvystffrqsty.supabase.co/storage/v1/object/public/imagens-produtos/19/15/08338811251-p.jpg',15,19),
 (104,'https://gwzxxwhojvystffrqsty.supabase.co/storage/v1/object/public/imagens-produtos/19/15/08338811251-a3.jpg',15,19),
 (105,'https://gwzxxwhojvystffrqsty.supabase.co/storage/v1/object/public/imagens-produtos/19/15/08338811251-e1.jpg',15,19),
 (106,'https://gwzxxwhojvystffrqsty.supabase.co/storage/v1/object/public/imagens-produtos/20/14/00779057400-a1.jpg',14,20),
 (107,'https://gwzxxwhojvystffrqsty.supabase.co/storage/v1/object/public/imagens-produtos/20/14/00779057400-a2.jpg',14,20),
 (108,'https://gwzxxwhojvystffrqsty.supabase.co/storage/v1/object/public/imagens-produtos/20/14/00779057400-a3.jpg',14,20),
 (109,'https://gwzxxwhojvystffrqsty.supabase.co/storage/v1/object/public/imagens-produtos/20/14/00779057400-p.jpg',14,20),
 (110,'https://gwzxxwhojvystffrqsty.supabase.co/storage/v1/object/public/imagens-produtos/20/14/00779057400-e1.jpg',14,20),
 (111,'https://gwzxxwhojvystffrqsty.supabase.co/storage/v1/object/public/imagens-produtos/20/14/00779057400-e2.jpg',14,20),
 (112,'https://gwzxxwhojvystffrqsty.supabase.co/storage/v1/object/public/imagens-produtos/21/16/03780718615-a1.jpg',16,21),
 (113,'https://gwzxxwhojvystffrqsty.supabase.co/storage/v1/object/public/imagens-produtos/21/16/03780718615-a2.jpg',16,21),
 (114,'https://gwzxxwhojvystffrqsty.supabase.co/storage/v1/object/public/imagens-produtos/21/16/03780718615-p.jpg',16,21),
 (115,'https://gwzxxwhojvystffrqsty.supabase.co/storage/v1/object/public/imagens-produtos/21/16/03780718615-e1.jpg',16,21),
 (116,'https://gwzxxwhojvystffrqsty.supabase.co/storage/v1/object/public/imagens-produtos/22/17/05029090330-a1.jpg',17,22),
 (117,'https://gwzxxwhojvystffrqsty.supabase.co/storage/v1/object/public/imagens-produtos/22/17/05029090330-a2.jpg',17,22),
 (118,'https://gwzxxwhojvystffrqsty.supabase.co/storage/v1/object/public/imagens-produtos/22/17/05029090330-a3.jpg',17,22),
 (119,'https://gwzxxwhojvystffrqsty.supabase.co/storage/v1/object/public/imagens-produtos/22/17/05029090330-a5.jpg',17,22),
 (120,'https://gwzxxwhojvystffrqsty.supabase.co/storage/v1/object/public/imagens-produtos/22/17/05029090330-a6.jpg',17,22),
 (121,'https://gwzxxwhojvystffrqsty.supabase.co/storage/v1/object/public/imagens-produtos/22/17/05029090330-e1.jpg',17,22),
 (122,'https://gwzxxwhojvystffrqsty.supabase.co/storage/v1/object/public/imagens-produtos/22/17/05029090330-p.jpg',17,22),
 (123,'https://gwzxxwhojvystffrqsty.supabase.co/storage/v1/object/public/imagens-produtos/23/18/9281561-1200-auto.webp',18,23),
 (124,'https://gwzxxwhojvystffrqsty.supabase.co/storage/v1/object/public/imagens-produtos/23/18/9281562-1200-auto.webp',18,23),
 (125,'https://gwzxxwhojvystffrqsty.supabase.co/storage/v1/object/public/imagens-produtos/23/18/9281563-1200-auto.webp',18,23),
 (126,'https://gwzxxwhojvystffrqsty.supabase.co/storage/v1/object/public/imagens-produtos/23/18/9281564-1200-auto.webp',18,23),
 (127,'https://gwzxxwhojvystffrqsty.supabase.co/storage/v1/object/public/imagens-produtos/24/15/0083375915_01.webp',15,24),
 (128,'https://gwzxxwhojvystffrqsty.supabase.co/storage/v1/object/public/imagens-produtos/24/15/0083375915_02.webp',15,24),
 (129,'https://gwzxxwhojvystffrqsty.supabase.co/storage/v1/object/public/imagens-produtos/24/15/0083375915_03.webp',15,24),
 (130,'https://gwzxxwhojvystffrqsty.supabase.co/storage/v1/object/public/imagens-produtos/24/15/0083375915_04.webp',15,24),
 (131,'https://gwzxxwhojvystffrqsty.supabase.co/storage/v1/object/public/imagens-produtos/25/14/0092313902_01.webp',14,25),
 (132,'https://gwzxxwhojvystffrqsty.supabase.co/storage/v1/object/public/imagens-produtos/25/14/0092313902_02.webp',14,25),
 (133,'https://gwzxxwhojvystffrqsty.supabase.co/storage/v1/object/public/imagens-produtos/25/14/0092313902_03.webp',14,25),
 (134,'https://gwzxxwhojvystffrqsty.supabase.co/storage/v1/object/public/imagens-produtos/25/14/0092313902_04.webp',14,25),
 (135,'https://gwzxxwhojvystffrqsty.supabase.co/storage/v1/object/public/imagens-produtos/26/10/8799843-1200-auto.webp',10,26),
 (136,'https://gwzxxwhojvystffrqsty.supabase.co/storage/v1/object/public/imagens-produtos/26/10/8799844-1200-auto.webp',10,26),
 (137,'https://gwzxxwhojvystffrqsty.supabase.co/storage/v1/object/public/imagens-produtos/26/10/8799845-1200-auto.webp',10,26),
 (138,'https://gwzxxwhojvystffrqsty.supabase.co/storage/v1/object/public/imagens-produtos/26/10/8799846-1200-auto.webp',10,26),
 (139,'https://gwzxxwhojvystffrqsty.supabase.co/storage/v1/object/public/imagens-produtos/27/19/8393823-1200-auto.webp',19,27),
 (140,'https://gwzxxwhojvystffrqsty.supabase.co/storage/v1/object/public/imagens-produtos/27/19/8393824-1200-auto.webp',19,27),
 (141,'https://gwzxxwhojvystffrqsty.supabase.co/storage/v1/object/public/imagens-produtos/27/19/8393825-1200-auto.webp',19,27),
 (142,'https://gwzxxwhojvystffrqsty.supabase.co/storage/v1/object/public/imagens-produtos/27/19/8393826-1200-auto.webp',19,27),
 (143,'https://gwzxxwhojvystffrqsty.supabase.co/storage/v1/object/public/imagens-produtos/27/19/8393827-1200-auto.webp',19,27),
 (144,'https://gwzxxwhojvystffrqsty.supabase.co/storage/v1/object/public/imagens-produtos/27/19/8393828-1200-auto.webp',19,27),
 (145,'https://gwzxxwhojvystffrqsty.supabase.co/storage/v1/object/public/imagens-produtos/28/10/13314510406-a1.jpg',10,28),
 (146,'https://gwzxxwhojvystffrqsty.supabase.co/storage/v1/object/public/imagens-produtos/28/10/13314510406-a2.jpg',10,28),
 (147,'https://gwzxxwhojvystffrqsty.supabase.co/storage/v1/object/public/imagens-produtos/28/10/13314510406-e1.jpg',10,28),
 (148,'https://gwzxxwhojvystffrqsty.supabase.co/storage/v1/object/public/imagens-produtos/28/10/13314510406-e2.jpg',10,28),
 (149,'https://gwzxxwhojvystffrqsty.supabase.co/storage/v1/object/public/imagens-produtos/28/10/13314510406-e3.jpg',10,28),
 (150,'https://gwzxxwhojvystffrqsty.supabase.co/storage/v1/object/public/imagens-produtos/28/10/13314510406-p.jpg',10,28),
 (151,'https://gwzxxwhojvystffrqsty.supabase.co/storage/v1/object/public/imagens-produtos/29/10/8706279-1200-auto.webp',10,29),
 (152,'https://gwzxxwhojvystffrqsty.supabase.co/storage/v1/object/public/imagens-produtos/29/10/8706280-1200-auto.webp',10,29),
 (153,'https://gwzxxwhojvystffrqsty.supabase.co/storage/v1/object/public/imagens-produtos/29/10/8706281-1200-auto.webp',10,29),
 (154,'https://gwzxxwhojvystffrqsty.supabase.co/storage/v1/object/public/imagens-produtos/29/10/8706282-1200-auto.webp',10,29),
 (155,'https://gwzxxwhojvystffrqsty.supabase.co/storage/v1/object/public/imagens-produtos/30/5/9123131-1200-auto.webp',5,30),
 (156,'https://gwzxxwhojvystffrqsty.supabase.co/storage/v1/object/public/imagens-produtos/30/5/9123132-1200-auto.webp',5,30),
 (157,'https://gwzxxwhojvystffrqsty.supabase.co/storage/v1/object/public/imagens-produtos/30/5/9123133-1200-auto.webp',5,30),
 (158,'https://gwzxxwhojvystffrqsty.supabase.co/storage/v1/object/public/imagens-produtos/30/5/9123134-1200-auto.webp',5,30),
 (159,'https://gwzxxwhojvystffrqsty.supabase.co/storage/v1/object/public/imagens-produtos/31/14/15410610017-e1.jpg',14,31),
 (160,'https://gwzxxwhojvystffrqsty.supabase.co/storage/v1/object/public/imagens-produtos/31/14/15410610017-e2.jpg',14,31),
 (161,'https://gwzxxwhojvystffrqsty.supabase.co/storage/v1/object/public/imagens-produtos/31/14/15410610017-e3.jpg',14,31),
 (162,'https://gwzxxwhojvystffrqsty.supabase.co/storage/v1/object/public/imagens-produtos/31/14/15410610017-e4.jpg',14,31),
 (163,'https://gwzxxwhojvystffrqsty.supabase.co/storage/v1/object/public/imagens-produtos/31/14/15410610017-e5.jpg',14,31),
 (164,'https://gwzxxwhojvystffrqsty.supabase.co/storage/v1/object/public/imagens-produtos/32/13/0078812904_01.webp',13,32),
 (165,'https://gwzxxwhojvystffrqsty.supabase.co/storage/v1/object/public/imagens-produtos/32/13/0078812904_02.webp',13,32),
 (166,'https://gwzxxwhojvystffrqsty.supabase.co/storage/v1/object/public/imagens-produtos/32/13/0078812904_03.webp',13,32),
 (167,'https://gwzxxwhojvystffrqsty.supabase.co/storage/v1/object/public/imagens-produtos/32/13/0078812904_04.webp',13,32),
 (168,'https://gwzxxwhojvystffrqsty.supabase.co/storage/v1/object/public/imagens-produtos/33/20/9129322-1200-auto.webp',20,33),
 (169,'https://gwzxxwhojvystffrqsty.supabase.co/storage/v1/object/public/imagens-produtos/33/20/9129323-1200-auto.jpeg',20,33),
 (170,'https://gwzxxwhojvystffrqsty.supabase.co/storage/v1/object/public/imagens-produtos/33/20/9129324-1200-auto.jpeg',20,33),
 (171,'https://gwzxxwhojvystffrqsty.supabase.co/storage/v1/object/public/imagens-produtos/33/20/9129325-1200-auto.webp',20,33),
 (172,'https://gwzxxwhojvystffrqsty.supabase.co/storage/v1/object/public/imagens-produtos/34/10/0070988040_01.webp',10,34),
 (173,'https://gwzxxwhojvystffrqsty.supabase.co/storage/v1/object/public/imagens-produtos/34/10/0070988040_02.webp',10,34),
 (174,'https://gwzxxwhojvystffrqsty.supabase.co/storage/v1/object/public/imagens-produtos/34/10/0070988040_04.webp',10,34),
 (177,'https://gwzxxwhojvystffrqsty.supabase.co/storage/v1/object/public/imagens-produtos/35/14/01934029427-a1.jpg',14,35),
 (178,'https://gwzxxwhojvystffrqsty.supabase.co/storage/v1/object/public/imagens-produtos/35/14/01934029427-a2.jpg',14,35),
 (179,'https://gwzxxwhojvystffrqsty.supabase.co/storage/v1/object/public/imagens-produtos/35/14/01934029427-a3.jpg',14,35),
 (180,'https://gwzxxwhojvystffrqsty.supabase.co/storage/v1/object/public/imagens-produtos/35/14/01934029427-e1.jpg',14,35),
 (181,'https://gwzxxwhojvystffrqsty.supabase.co/storage/v1/object/public/imagens-produtos/35/14/01934029427-p.jpg',14,35),
 (182,'https://gwzxxwhojvystffrqsty.supabase.co/storage/v1/object/public/imagens-produtos/36/21/03641842681-a1.jpg',21,36),
 (183,'https://gwzxxwhojvystffrqsty.supabase.co/storage/v1/object/public/imagens-produtos/36/21/03641842681-a3.jpg',21,36),
 (184,'https://gwzxxwhojvystffrqsty.supabase.co/storage/v1/object/public/imagens-produtos/36/21/03641842681-p.jpg',21,36),
 (185,'https://gwzxxwhojvystffrqsty.supabase.co/storage/v1/object/public/imagens-produtos/36/21/03641842681-e1.jpg',21,36),
 (186,'https://gwzxxwhojvystffrqsty.supabase.co/storage/v1/object/public/imagens-produtos/37/7/02374334406-a1.jpg',7,37),
 (187,'https://gwzxxwhojvystffrqsty.supabase.co/storage/v1/object/public/imagens-produtos/37/7/02374334406-a2.jpg',7,37),
 (188,'https://gwzxxwhojvystffrqsty.supabase.co/storage/v1/object/public/imagens-produtos/37/7/02374334406-a3.jpg',7,37),
 (189,'https://gwzxxwhojvystffrqsty.supabase.co/storage/v1/object/public/imagens-produtos/37/7/02374334406-e1.jpg',7,37),
 (190,'https://gwzxxwhojvystffrqsty.supabase.co/storage/v1/object/public/imagens-produtos/37/7/02374334406-e2.jpg',7,37),
 (191,'https://gwzxxwhojvystffrqsty.supabase.co/storage/v1/object/public/imagens-produtos/37/7/02374334406-p.jpg',7,37);

ALTER TABLE "compras" ADD COLUMN "fk_cor" INTEGER REFERENCES cores(id), ALTER COLUMN "fk_usuario" DROP NOT NULL;

 INSERT INTO "compras" ("id","fk_session","fk_endereco","fk_produto","fk_tamanho","fk_cor","qtd","data","finalizado","fk_order","fk_usuario") 
VALUES (1,'d32bd7a0-6179-4b8e-b9c1-6ca560157e8d',2,7,3,9,1,'2025-03-14 02:25:34',0,1,NULL),
 (2,'d32bd7a0-6179-4b8e-b9c1-6ca560157e8d',2,5,1,7,1,'2025-03-14 02:25:34',0,1,NULL),
 (3,'d32bd7a0-6179-4b8e-b9c1-6ca560157e8d',2,22,7,17,1,'2025-03-14 02:25:34',0,1,NULL),
 (4,'d32bd7a0-6179-4b8e-b9c1-6ca560157e8d',2,31,7,14,1,'2025-03-14 02:25:35',0,1,NULL),
 (5,'d32bd7a0-6179-4b8e-b9c1-6ca560157e8d',2,7,5,9,1,'2025-03-14 02:25:35',0,1,NULL),
 (6,'d32bd7a0-6179-4b8e-b9c1-6ca560157e8d',2,7,1,9,1,'2025-03-14 02:25:35',0,1,NULL),
 (7,'d32bd7a0-6179-4b8e-b9c1-6ca560157e8d',2,33,1,16,1,'2025-03-14 02:25:35',0,1,NULL),
 (8,'d32bd7a0-6179-4b8e-b9c1-6ca560157e8d',5,5,1,7,1,'2025-03-14 02:29:29',0,2,NULL),
 (9,'d32bd7a0-6179-4b8e-b9c1-6ca560157e8d',5,7,3,9,1,'2025-03-14 02:29:29',0,2,NULL),
 (10,'d32bd7a0-6179-4b8e-b9c1-6ca560157e8d',5,7,1,9,1,'2025-03-14 02:29:30',0,2,NULL),
 (11,'d32bd7a0-6179-4b8e-b9c1-6ca560157e8d',5,33,1,16,1,'2025-03-14 02:29:30',0,2,NULL),
 (12,'d32bd7a0-6179-4b8e-b9c1-6ca560157e8d',5,22,7,17,1,'2025-03-14 02:29:30',0,2,NULL),
 (13,'d32bd7a0-6179-4b8e-b9c1-6ca560157e8d',5,31,7,14,1,'2025-03-14 02:29:30',0,2,NULL),
 (14,'d32bd7a0-6179-4b8e-b9c1-6ca560157e8d',5,7,5,9,1,'2025-03-14 02:29:30',0,2,NULL),
 (15,'d32bd7a0-6179-4b8e-b9c1-6ca560157e8d',5,33,1,16,1,'2025-03-15 03:07:06',0,3,NULL),
 (16,'d32bd7a0-6179-4b8e-b9c1-6ca560157e8d',2,33,1,16,1,'2025-03-15 03:08:53',0,4,NULL),
 (17,'d32bd7a0-6179-4b8e-b9c1-6ca560157e8d',2,2,3,3,1,'2025-03-15 03:09:40',0,5,1),
 (18,'d32bd7a0-6179-4b8e-b9c1-6ca560157e8d',2,7,5,9,1,'2025-03-15 03:09:40',0,5,1),
 (19,'d32bd7a0-6179-4b8e-b9c1-6ca560157e8d',2,11,2,10,1,'2025-03-15 03:09:40',0,5,1),
 (20,'d32bd7a0-6179-4b8e-b9c1-6ca560157e8d',2,17,11,5,1,'2025-03-15 03:09:40',0,5,1),
 (21,'d32bd7a0-6179-4b8e-b9c1-6ca560157e8d',5,2,3,3,1,'2025-03-15 17:10:22',0,6,2),
 (22,'d32bd7a0-6179-4b8e-b9c1-6ca560157e8d',5,7,5,9,1,'2025-03-15 17:10:22',0,6,2),
 (23,'d32bd7a0-6179-4b8e-b9c1-6ca560157e8d',5,11,2,10,1,'2025-03-15 17:10:22',0,6,2),
 (24,'d32bd7a0-6179-4b8e-b9c1-6ca560157e8d',5,17,11,5,1,'2025-03-15 17:10:22',0,6,2),
 (25,'d32bd7a0-6179-4b8e-b9c1-6ca560157e8d',5,35,1,14,1,'2025-03-15 17:10:22',0,6,2),
 (26,'d32bd7a0-6179-4b8e-b9c1-6ca560157e8d',5,12,1,12,1,'2025-03-15 17:11:51',0,7,2),
 (27,'d32bd7a0-6179-4b8e-b9c1-6ca560157e8d',5,37,19,7,1,'2025-03-15 17:11:51',0,7,2),
 (28,'d32bd7a0-6179-4b8e-b9c1-6ca560157e8d',5,36,19,21,1,'2025-03-15 17:11:51',0,7,2);

 INSERT INTO "categoria_opcao" ("id","fk_categoria","fk_opcao") 
VALUES (1,1,1),
 (2,1,2),
 (3,1,3),
 (4,2,4),
 (5,2,5),
 (6,2,6),
 (7,2,7),
 (8,2,8),
 (9,2,9),
 (10,2,10),
 (11,3,11),
 (12,3,12),
 (13,4,13),
 (14,4,14),
 (15,4,15),
 (16,5,11),
 (17,5,16),
 (18,5,17);
INSERT INTO "banners_destaque" ("id","desc1","desc2","titulo","btn","img","tipo","ativo","fk_colecao_categoria","fk_produto") 
VALUES (1,'Atenção senhores passageiros','Embarque em novas histórias.','Mala de viagem','Partiu','https://gwzxxwhojvystffrqsty.supabase.co/storage/v1/object/public/imagens-banners/destaque/1/495c5670-de2f-4089-951d-6042f0648c72___9de790b9a15b984d4496aca7d2ab318c.webp','loja',1,1,NULL),
 (2,'Estilo vem de berço','Combine com seu melhor amigo.','Tal Pai Tal Filho','Combine o look','https://gwzxxwhojvystffrqsty.supabase.co/storage/v1/object/public/imagens-banners/destaque/2/2f1de201-9cb1-4e2b-a590-8ea3868b0fb7___9a5398b4d99a3b8792bb5ba916eb421b.webp','loja',1,2,NULL),
 (3,'Diversão sem limites','Pra curtir a melhor época do ano.','Férias Mini','Divirta-se','https://gwzxxwhojvystffrqsty.supabase.co/storage/v1/object/public/imagens-banners/destaque/3/e8b1dbb3-667f-4a12-91fd-7701a80cb919___40370b584b4e0592fca31de2d87af0c0.webp','loja',1,1,NULL),
 (4,'Vestiu, partiu','Essenciais em todo closet.','Clássicos','Vista os ícones','https://gwzxxwhojvystffrqsty.supabase.co/storage/v1/object/public/imagens-banners/destaque/4/3740625a-a35c-43bf-891b-6f65fbea2215___b84ee389818479383ca446fb16d202ee.webp','loja',1,1,NULL),
 (5,'','Conheça os novos modelos','Óculos','Vem Ver','https://gwzxxwhojvystffrqsty.supabase.co/storage/v1/object/public/imagens-banners/destaque/5/59a6ca41-fd1f-4113-b9a9-bb5c6b41384a___967b1a73d7dc0c99b49c700b7fa8b76c.webp','loja',1,2,NULL);

 
 ALTER TABLE banners ADD CONSTRAINT banners_fk_colecao_categoria FOREIGN KEY(fk_colecao_categoria) REFERENCES colecao_categoria(id);

 -- Sincroniza o contador da tabela 'usuarios'
SELECT setval('usuarios_id_seq', (SELECT MAX(id) FROM usuarios));

-- Sincroniza o contador da tabela 'tamanhos'
SELECT setval('tamanhos_id_seq', (SELECT MAX(id) FROM tamanhos));

-- Sincroniza o contador da tabela 'produtos'
SELECT setval('produtos_id_seq', (SELECT MAX(id) FROM produtos));

-- Sincroniza o contador da tabela 'orders'
SELECT setval('orders_id_seq', (SELECT MAX(id) FROM orders));

-- Sincroniza o contador da tabela 'opcoes'
SELECT setval('opcoes_id_seq', (SELECT MAX(id) FROM opcoes));

-- Sincroniza o contador da tabela 'imagens'
SELECT setval('imagens_id_seq', (SELECT MAX(id) FROM imagens));

-- Sincroniza o contador da tabela 'enderecos'
SELECT setval('enderecos_id_seq', (SELECT MAX(id) FROM enderecos));

-- Sincroniza o contador da tabela 'cupons'
SELECT setval('cupons_id_seq', (SELECT MAX(id) FROM cupons));

-- Sincroniza o contador da tabela 'cores'
SELECT setval('cores_id_seq', (SELECT MAX(id) FROM cores));

-- Sincroniza o contador da tabela 'compras'
SELECT setval('compras_id_seq', (SELECT MAX(id) FROM compras));

-- Sincroniza o contador da tabela 'colecoes'
SELECT setval('colecoes_id_seq', (SELECT MAX(id) FROM colecoes));

-- Sincroniza o contador da tabela 'categorias'
SELECT setval('categorias_id_seq', (SELECT MAX(id) FROM categorias));

-- Sincroniza o contador da tabela 'banners'
SELECT setval('banners_id_seq', (SELECT MAX(id) FROM banners));

-- Sincroniza o contador da tabela 'banners_destaque'
SELECT setval('banners_destaque_id_seq', (SELECT MAX(id) FROM banners_destaque));

-- Sincroniza o contador da tabela 'tamanho_colecao'
SELECT setval('tamanho_colecao_id_seq', (SELECT MAX(id) FROM tamanho_colecao));

-- Sincroniza o contador da tabela 'session_endereco'
SELECT setval('session_endereco_id_seq', (SELECT MAX(id) FROM session_endereco));

-- Sincroniza o contador da tabela 'produto_tamanho'
SELECT setval('produto_tamanho_id_seq', (SELECT MAX(id) FROM produto_tamanho));

-- Sincroniza o contador da tabela 'produto_categoria'
SELECT setval('produto_categoria_id_seq', (SELECT MAX(id) FROM produto_categoria));

-- Sincroniza o contador da tabela 'cor_produto'
SELECT setval('cor_produto_id_seq', (SELECT MAX(id) FROM cor_produto));

-- Sincroniza o contador da tabela 'colecao_categoria'
SELECT setval('colecao_categoria_id_seq', (SELECT MAX(id) FROM colecao_categoria));

-- Sincroniza o contador da tabela 'categoria_opcao'
SELECT setval('categoria_opcao_id_seq', (SELECT MAX(id) FROM categoria_opcao));

COMMIT;
